methodId,proportion
0xa9059cbb,0.24243721696171264
0x,0.20713050638122685
0x3593564c,0.0662165500205846
0x22895118,0.03507616303005352
0x12aa3caf,0.03435158501440922
0x5f575529,0.034203375874845614
0x414bf389,0.027978592013174146
0xa94c7c65,0.02274186908192672
0x04e45aaf,0.020782214903252366
0x2e2d726c,0.018542610127624537
0x095ea7b3,0.018163853437628653
0x1a1da075,0.01147797447509263
0x68747470,0.011461506792918897
0x791ac947,0.010638122684232195
0xdfd1fb7a,0.010506381226842321
0xf5537ede,0.010308769040757513
0x60606040,0.01029230135858378
0xfa558b71,0.009897076986414162
0xb6f9de95,0.009699464800329353
0xa6bb62b5,0.009534787978592012
0xd9627aa4,0.008974886784685056
0xca350aa6,0.008596130094689172
0xd0e30db0,0.008167970358172088
0x2e1a7d4d,0.007838616714697407
0x339a5572,0.007641004528612598
0x6af479b2,0.007377521613832853
0xb61d27f6,0.007344586249485385
0x5ae401dc,0.007278715520790449
0xed48907e,0.006537669822972416
0x01,0.006208316179497735
0x7ff36ab5,0.0060107039934129275
0x803ba26d,0.0051049814738575545
0x3cd18ca0,0.004890901605599012
0xdb3e2198,0.004446274186908193
0xf7e375e8,0.003968711403869905
0x23b872dd,0.003771099217785097
0x24856bc3,0.003573487031700288
0xb858183f,0.003491148620831618
0x3598d8ab,0.003441745574310416
0x18cbafe5,0.003046521202140799
0x05eb5327,0.0030300535199670646
0x34fcd5be,0.0029312474269246602
0xdeadbeef,0.002503087690407575
0x38ed1739,0.002354878550843969
0xc81f847a,0.0022725401399752987
0x09b81346,0.002190201729106628
0x7b8b4b95,0.0021737340469328943
0x80c4d566,0.0018279127212844793
0x415565b0,0.001794977356937011
0x60fc8466,0.001712638946068341
0xb00606a5,0.0014656237134623301
0x1baaa00b,0.0011198023878139151
0xdac748d4,0.001053931659118979
0xac9650d8,0.0009880609304240427
0x594a88cc,0.0009880609304240427
0x60da0860,0.0009880609304240427
0xa578efaf,0.0009880609304240427
0xbaa2abde,0.0009057225195553725
0x5023b4df,0.0008398517908604363
0xda95ebf7,0.0008069164265129683
0x706394d5,0.0008069164265129683
0xc04b8d59,0.0007739810621655002
0x3dbe1c55,0.0007245780156442981
0x47f1de22,0.00069164265129683
0x7a1eb1b9,0.00069164265129683
0xfb3bdb41,0.0006422396047756279
0x0f3b31b2,0.0005928365582544257
0x5c11d795,0.0005763688760806917
0x496d6167,0.0005434335117332236
0xf35b4733,0.0005269658295594895
0x12599ac6,0.0005104981473857555
0x2e071dc6,0.0004446274186908193
0x77725df6,0.0004446274186908193
0x3d8d4082,0.00039522437216961713
0xabc5345e,0.00039522437216961713
0x636f6920,0.0003787566899958831
0xd0f42385,0.00036228900782214903
0x5d3e105c,0.0003128859613009469
0x96aa7368,0.00026348291477974473
0xe449022e,0.00023054755043227666
0x6a761202,0.00023054755043227666
0xfd404b4c,0.00023054755043227666
0x304e6ade,0.0002140798682585426
0x48656c6c,0.00019761218608480856
0x454e4d55,0.00014820913956360642
0x2cd2e930,0.00014820913956360642
0x8803dbee,0.00014820913956360642
0x3ccfd60b,0.00014820913956360642
0x4d657373,0.00014820913956360642
0xf305d719,0.00014820913956360642
0x64617461,0.00014820913956360642
0x48657920,0.00013174145738987237
0x454e4532,0.00013174145738987237
0x9baa45a8,0.00011527377521613833
0x4e71d92d,0.00011527377521613833
0xf83dd82a,0.00011527377521613833
0xe29aa0ef,9.880609304240428e-05
0x8af033fb,9.880609304240428e-05
0x1fff991f,9.880609304240428e-05
0x02751cec,9.880609304240428e-05
0x48692c20,9.880609304240428e-05
0x98a89897,9.880609304240428e-05
0x2a50917c,8.233841086867023e-05
0x2213bc0b,8.233841086867023e-05
0x49e58cbe,8.233841086867023e-05
0x596f7520,8.233841086867023e-05
0x454e4a4b,8.233841086867023e-05
0x5468616e,8.233841086867023e-05
0x3d61ed3e,6.587072869493618e-05
0x25052016,6.587072869493618e-05
0x454e5150,6.587072869493618e-05
0xe3ee160e,6.587072869493618e-05
0x454e414b,6.587072869493618e-05
0x6675636b,6.587072869493618e-05
0xdcfdc1e1,6.587072869493618e-05
0xe8e33700,6.587072869493618e-05
0xf3fef3a3,6.587072869493618e-05
0x473849bd,6.587072869493618e-05
0x594f5520,6.587072869493618e-05
0xc861a898,6.587072869493618e-05
0x4552524f,6.587072869493618e-05
0x29b82bb8,6.587072869493618e-05
0x42534320,4.940304652120214e-05
0x68692c20,4.940304652120214e-05
0x54686520,4.940304652120214e-05
0x1e83409a,4.940304652120214e-05
0xf09f9aa8,4.940304652120214e-05
0x33342e36,4.940304652120214e-05
0x416e6479,4.940304652120214e-05
0x1b258d50,4.940304652120214e-05
0x454e3739,4.940304652120214e-05
0xf2fde38b,4.940304652120214e-05
0x392d661c,4.940304652120214e-05
0x41726520,4.940304652120214e-05
0xe46dcfeb,4.940304652120214e-05
0x68656c6c,4.940304652120214e-05
0xd9df4739,4.940304652120214e-05
0x08072016,4.940304652120214e-05
0x2fbd3dbe,4.940304652120214e-05
0x5b0d5984,4.940304652120214e-05
0x42726561,4.940304652120214e-05
0xd505accf,4.940304652120214e-05
0xf252ad1b,4.940304652120214e-05
0x0962ef79,4.940304652120214e-05
0x00000000,4.940304652120214e-05
0xaf2979eb,4.940304652120214e-05
0x4c657427,4.940304652120214e-05
0x454e5a39,4.940304652120214e-05
0x44656172,4.940304652120214e-05
0x29ae8114,4.940304652120214e-05
0x454e3648,4.940304652120214e-05
0x6c4dbc60,3.293536434746809e-05
0x70a08231,3.293536434746809e-05
0x49206861,3.293536434746809e-05
0x10f13a8c,3.293536434746809e-05
0xb3423eec,3.293536434746809e-05
0x7662206a,3.293536434746809e-05
0x686579,3.293536434746809e-05
0x0f2c9329,3.293536434746809e-05
0xf6274f66,3.293536434746809e-05
0x49206265,3.293536434746809e-05
0xbc25cf77,3.293536434746809e-05
0x436f6e66,3.293536434746809e-05
0x454e4b4d,3.293536434746809e-05
0x12312312,3.293536434746809e-05
0x448b9b95,3.293536434746809e-05
0x5fd8c710,3.293536434746809e-05
0x4d657272,3.293536434746809e-05
0x24454d53,3.293536434746809e-05
0x56697461,3.293536434746809e-05
0x596f7572,3.293536434746809e-05
0xd13b4fdc,3.293536434746809e-05
0x9a2967d2,3.293536434746809e-05
0x0f9f4016,3.293536434746809e-05
0xe570b78b,3.293536434746809e-05
0x41205761,3.293536434746809e-05
0x2444444f,3.293536434746809e-05
0xb00f09d7,3.293536434746809e-05
0xddf252ad,3.293536434746809e-05
0xa3e76c0f,3.293536434746809e-05
0x1a8631b2,3.293536434746809e-05
0xf8df0dc5,3.293536434746809e-05
0x554e4953,3.293536434746809e-05
0x38bcdfc0,3.293536434746809e-05
0x8456cb59,3.293536434746809e-05
0x39509351,3.293536434746809e-05
0x436f6e67,3.293536434746809e-05
0x49207769,3.293536434746809e-05
0x07ed2379,3.293536434746809e-05
0x38536230,3.293536434746809e-05
0x454e4a31,3.293536434746809e-05
0xb6b55f25,3.293536434746809e-05
0xc4d66de8,3.293536434746809e-05
0x48692056,3.293536434746809e-05
0x73757a75,3.293536434746809e-05
0x3f4ba83a,3.293536434746809e-05
0xf09f9fa2,3.293536434746809e-05
0x21042016,3.293536434746809e-05
0x41c0e1b5,3.293536434746809e-05
0x454e5435,3.293536434746809e-05
0x49276d20,3.293536434746809e-05
0x09c5eabe,3.293536434746809e-05
0xded9382a,3.293536434746809e-05
0x506c6561,3.293536434746809e-05
0x74686520,3.293536434746809e-05
0xbd5dec98,3.293536434746809e-05
0x536f2050,3.293536434746809e-05
0x54616b65,3.293536434746809e-05
0x454e4758,3.293536434746809e-05
0xf28c0498,3.293536434746809e-05
0x454e334e,3.293536434746809e-05
0x57656c63,3.293536434746809e-05
0x68692e20,3.293536434746809e-05
0x42756c6c,3.293536434746809e-05
0xfbee349d,3.293536434746809e-05
0x49207761,3.293536434746809e-05
0x54686973,3.293536434746809e-05
0xdd8951a2,1.6467682173734046e-05
0xa86667fd,1.6467682173734046e-05
0xea74c4fb,1.6467682173734046e-05
0x50656570,1.6467682173734046e-05
0xfcfa05ff,1.6467682173734046e-05
0xc6427474,1.6467682173734046e-05
0x22f7027d,1.6467682173734046e-05
0xa0a2b573,1.6467682173734046e-05
0xb4887ba4,1.6467682173734046e-05
0xc9905f01,1.6467682173734046e-05
0x48692076,1.6467682173734046e-05
0xe29c89ef,1.6467682173734046e-05
0x436f6f6b,1.6467682173734046e-05
0xc4b62ab9,1.6467682173734046e-05
0x4e390267,1.6467682173734046e-05
0x6cf918fc,1.6467682173734046e-05
0xa4024227,1.6467682173734046e-05
0x41207472,1.6467682173734046e-05
0x1008c83d,1.6467682173734046e-05
0xaf276672,1.6467682173734046e-05
0x57687920,1.6467682173734046e-05
0x5a3cbc8b,1.6467682173734046e-05
0xab9421e6,1.6467682173734046e-05
0x0daf5092,1.6467682173734046e-05
0x9ebb1ea1,1.6467682173734046e-05
0x3cd85128,1.6467682173734046e-05
0xe2809457,1.6467682173734046e-05
0xc2fd276e,1.6467682173734046e-05
0x454e5641,1.6467682173734046e-05
0xae89a410,1.6467682173734046e-05
0x4268a036,1.6467682173734046e-05
0x57652061,1.6467682173734046e-05
0xeba01b40,1.6467682173734046e-05
0x1ce6400a,1.6467682173734046e-05
0x53686962,1.6467682173734046e-05
0x454e3730,1.6467682173734046e-05
0x0dd9ea56,1.6467682173734046e-05
0xc1ba4e59,1.6467682173734046e-05
0x3e492aa6,1.6467682173734046e-05
0x048692c2,1.6467682173734046e-05
0xef8f9963,1.6467682173734046e-05
0xbebc4633,1.6467682173734046e-05
0x5d30887f,1.6467682173734046e-05
0x8751c041,1.6467682173734046e-05
0x1b534163,1.6467682173734046e-05
0x42842e0e,1.6467682173734046e-05
0x7468616e,1.6467682173734046e-05
0x9867d0d3,1.6467682173734046e-05
0xb277f199,1.6467682173734046e-05
0xb478d000,1.6467682173734046e-05
0x41545445,1.6467682173734046e-05
0x394e2e27,1.6467682173734046e-05
0x68573107,1.6467682173734046e-05
0x39302907,1.6467682173734046e-05
0xbd150f80,1.6467682173734046e-05
0xda5f7365,1.6467682173734046e-05
0xbdce222b,1.6467682173734046e-05
0xd54ce5b0,1.6467682173734046e-05
0xb5767166,1.6467682173734046e-05
0x42966c38,1.6467682173734046e-05
0xf09f94b4,1.6467682173734046e-05
0x26aa92c2,1.6467682173734046e-05
0x97079f5a,1.6467682173734046e-05
0xa2fbe273,1.6467682173734046e-05
0x655692b1,1.6467682173734046e-05
0xbb45c497,1.6467682173734046e-05
0x1c196aaa,1.6467682173734046e-05
0xa4c298eb,1.6467682173734046e-05
0xc84bda75,1.6467682173734046e-05
0x454e4d54,1.6467682173734046e-05
0x22544845,1.6467682173734046e-05
0x645a4a64,1.6467682173734046e-05
0x499f830a,1.6467682173734046e-05
0x52656164,1.6467682173734046e-05
0x34664e4f,1.6467682173734046e-05
0x6865792c,1.6467682173734046e-05
0x570b404d,1.6467682173734046e-05
0xe44b19f9,1.6467682173734046e-05
0x1d10e3ea,1.6467682173734046e-05
0x454e4452,1.6467682173734046e-05
0x28a24cf8,1.6467682173734046e-05
0x8acad557,1.6467682173734046e-05
0x0b16c84a,1.6467682173734046e-05
0xd078120b,1.6467682173734046e-05
0x8129fc1c,1.6467682173734046e-05
0x269f11de,1.6467682173734046e-05
0xcc8d40b8,1.6467682173734046e-05
0xb92bd54c,1.6467682173734046e-05
0x466f7220,1.6467682173734046e-05
0x4d6f726e,1.6467682173734046e-05
0xf09fabb5,1.6467682173734046e-05
0x39f47693,1.6467682173734046e-05
0x244f4b,1.6467682173734046e-05
0xacdb30e0,1.6467682173734046e-05
0x3c813239,1.6467682173734046e-05
0x42dffde6,1.6467682173734046e-05
0xe46996cd,1.6467682173734046e-05
0x30783431,1.6467682173734046e-05
0x562e2057,1.6467682173734046e-05
0xcc13e84f,1.6467682173734046e-05
0x410085df,1.6467682173734046e-05
0xd547741f,1.6467682173734046e-05
0x05220422,1.6467682173734046e-05
0x49206c65,1.6467682173734046e-05
0x86461294,1.6467682173734046e-05
0xb98d578d,1.6467682173734046e-05
0x45544845,1.6467682173734046e-05
0x454e304b,1.6467682173734046e-05
0xffffff,1.6467682173734046e-05
0x274b91a9,1.6467682173734046e-05
0x844fe705,1.6467682173734046e-05
0xd905ebf4,1.6467682173734046e-05
0x29659c20,1.6467682173734046e-05
0xe177dd2f,1.6467682173734046e-05
0x596f2c20,1.6467682173734046e-05
0xc7774140,1.6467682173734046e-05
0x1aa2d750,1.6467682173734046e-05
0xa2722cfc,1.6467682173734046e-05
0x2123c06a,1.6467682173734046e-05
0x76697461,1.6467682173734046e-05
0x4000aea0,1.6467682173734046e-05
0x3eed7a50,1.6467682173734046e-05
0x69206e65,1.6467682173734046e-05
0x454e3638,1.6467682173734046e-05
0x52696361,1.6467682173734046e-05
0xce58a55e,1.6467682173734046e-05
0x0fc313bc,1.6467682173734046e-05
0x92eddfb8,1.6467682173734046e-05
0x2bd7fb02,1.6467682173734046e-05
0x48bd0e30,1.6467682173734046e-05
0x711b603a,1.6467682173734046e-05
0x50726976,1.6467682173734046e-05
0x4578706c,1.6467682173734046e-05
0x5bcaa49a,1.6467682173734046e-05
0xae584918,1.6467682173734046e-05
0x880cdc31,1.6467682173734046e-05
0x454e88ff,1.6467682173734046e-05
0x18160ddd,1.6467682173734046e-05
0xd8896714,1.6467682173734046e-05
0x24555344,1.6467682173734046e-05
0x105c119b,1.6467682173734046e-05
0x41243844,1.6467682173734046e-05
0x1119983b,1.6467682173734046e-05
0xaf523b4a,1.6467682173734046e-05
0x7d3acd0c,1.6467682173734046e-05
0x6c2eb350,1.6467682173734046e-05
0xcbbf7280,1.6467682173734046e-05
0x5620726f,1.6467682173734046e-05
0xb0d47efb,1.6467682173734046e-05
0x49207365,1.6467682173734046e-05
0x472b43f3,1.6467682173734046e-05
0xd4c59576,1.6467682173734046e-05
0x6e255f72,1.6467682173734046e-05
0x596f2056,1.6467682173734046e-05
0xc757aa10,1.6467682173734046e-05
0xe3c3335d,1.6467682173734046e-05
0x8f283970,1.6467682173734046e-05
0x5ddf6463,1.6467682173734046e-05
0x576f756c,1.6467682173734046e-05
0x16114acd,1.6467682173734046e-05
0xe280a6e2,1.6467682173734046e-05
0x56420a0a,1.6467682173734046e-05
0x82210956,1.6467682173734046e-05
0x48692065,1.6467682173734046e-05
0x152bd0b4,1.6467682173734046e-05
0x0ef42ca7,1.6467682173734046e-05
0x46697273,1.6467682173734046e-05
0xc01a8c84,1.6467682173734046e-05
0x6c697374,1.6467682173734046e-05
0x41207375,1.6467682173734046e-05
0xca1ab2ef,1.6467682173734046e-05
0xa30479c5,1.6467682173734046e-05
0x1d7fb801,1.6467682173734046e-05
0xd5c2d57a,1.6467682173734046e-05
0xcafb535e,1.6467682173734046e-05
0xbedf0f4a,1.6467682173734046e-05
0xaafa0369,1.6467682173734046e-05
0xf682de66,1.6467682173734046e-05
0x4f2e7084,1.6467682173734046e-05
0x20492068,1.6467682173734046e-05
0x67697468,1.6467682173734046e-05
0x6cc4a1ba,1.6467682173734046e-05
0xfb93e9fa,1.6467682173734046e-05
0x8da5cb5b,1.6467682173734046e-05
0x4c697474,1.6467682173734046e-05
0x56622067,1.6467682173734046e-05
0x42494e41,1.6467682173734046e-05
0x24544845,1.6467682173734046e-05
0x5c60da1b,1.6467682173734046e-05
0xb5aebc80,1.6467682173734046e-05
0x22b892b7,1.6467682173734046e-05
0x0e82403d,1.6467682173734046e-05
0x57656273,1.6467682173734046e-05
0xa572bbb3,1.6467682173734046e-05
0x72796f73,1.6467682173734046e-05
0x042ac2b8,1.6467682173734046e-05
0x95d89b41,1.6467682173734046e-05
0x54796c65,1.6467682173734046e-05
0x4a757374,1.6467682173734046e-05
0x78e54d25,1.6467682173734046e-05
0x2450454e,1.6467682173734046e-05
0x62656c69,1.6467682173734046e-05
0x7547c7a3,1.6467682173734046e-05
0xf69a6947,1.6467682173734046e-05
0xed58fcea,1.6467682173734046e-05
0x6c313ac7,1.6467682173734046e-05
0x8e6cf44a,1.6467682173734046e-05
0xa457c2d7,1.6467682173734046e-05
0x18b2dd4e,1.6467682173734046e-05
0xb9145944,1.6467682173734046e-05
0x005a58c5,1.6467682173734046e-05
0x506f556b,1.6467682173734046e-05
0x0cba9dcb,1.6467682173734046e-05
0xddef5b68,1.6467682173734046e-05
0x4f4c4420,1.6467682173734046e-05
0xd58a2f9b,1.6467682173734046e-05
0xf09f93a8,1.6467682173734046e-05
0x9af3b918,1.6467682173734046e-05
0x198d2392,1.6467682173734046e-05
0x454e5744,1.6467682173734046e-05
0x91f621f1,1.6467682173734046e-05
0xf1216193,1.6467682173734046e-05
0x78e3214f,1.6467682173734046e-05
0xbddf4a47,1.6467682173734046e-05
0xf851a440,1.6467682173734046e-05
0x7fb1b2f9,1.6467682173734046e-05
0x454e374e,1.6467682173734046e-05
0x42966c68,1.6467682173734046e-05
0x9e879fcf,1.6467682173734046e-05
0x53d4f964,1.6467682173734046e-05
0x61eb76a8,1.6467682173734046e-05
0x4b74756c,1.6467682173734046e-05
0x89afcb44,1.6467682173734046e-05
0x68617070,1.6467682173734046e-05
0x416e6420,1.6467682173734046e-05
0x2ad8683c,1.6467682173734046e-05
0x11560d78,1.6467682173734046e-05
0x608e4dd0,1.6467682173734046e-05
0x57ea89b6,1.6467682173734046e-05
0x454e5136,1.6467682173734046e-05
0x23464146,1.6467682173734046e-05
0x36206461,1.6467682173734046e-05
0x312e5768,1.6467682173734046e-05
0x03b7ccaa,1.6467682173734046e-05
0x68696166,1.6467682173734046e-05
0x454e524d,1.6467682173734046e-05
0x454e5231,1.6467682173734046e-05
0x19c731dc,1.6467682173734046e-05
0x4a133fbc,1.6467682173734046e-05
0x23204d61,1.6467682173734046e-05
0x908dac50,1.6467682173734046e-05
0x454e4e31,1.6467682173734046e-05
0x3659cfe6,1.6467682173734046e-05
0x5afa2b6c,1.6467682173734046e-05
0x357d6540,1.6467682173734046e-05
0x68692056,1.6467682173734046e-05
0x5768656e,1.6467682173734046e-05
0x197801a5,1.6467682173734046e-05
0x6ca7a868,1.6467682173734046e-05
0x3ea31484,1.6467682173734046e-05
0xe1c7392a,1.6467682173734046e-05
0x796f7520,1.6467682173734046e-05
0xd9100c1a,1.6467682173734046e-05
0x31011f4f,1.6467682173734046e-05
0x454e564b,1.6467682173734046e-05
0x454e3544,1.6467682173734046e-05
0x454e5545,1.6467682173734046e-05
0x32f526ee,1.6467682173734046e-05
0xe89d024b,1.6467682173734046e-05
0xeec02ab2,1.6467682173734046e-05
0x321777b6,1.6467682173734046e-05
0xcc4ef119,1.6467682173734046e-05
0x9ce266d7,1.6467682173734046e-05
0xfea7c53f,1.6467682173734046e-05
0x57652077,1.6467682173734046e-05
0x22566974,1.6467682173734046e-05
0x454e3755,1.6467682173734046e-05
0xe653faf7,1.6467682173734046e-05
0xd3d3ef57,1.6467682173734046e-05
0x851dca59,1.6467682173734046e-05
0x8968ef65,1.6467682173734046e-05
0xadd134b7,1.6467682173734046e-05
0xfff6cae9,1.6467682173734046e-05
0x07cdc76f,1.6467682173734046e-05
0x2910543a,1.6467682173734046e-05
0xedbcbb92,1.6467682173734046e-05
0x454e3244,1.6467682173734046e-05
0x41682066,1.6467682173734046e-05
0x454e3351,1.6467682173734046e-05
0xd597a518,1.6467682173734046e-05
0x00490020,1.6467682173734046e-05
0x5a385206,1.6467682173734046e-05
0xf4c2ceeb,1.6467682173734046e-05
0x3d57f0a1,1.6467682173734046e-05
0x3e5b268b,1.6467682173734046e-05
0x0059006f,1.6467682173734046e-05
0x4f4e45,1.6467682173734046e-05
0x9b8994d9,1.6467682173734046e-05
0xcfd7789c,1.6467682173734046e-05
0xff1969fc,1.6467682173734046e-05
0x49742773,1.6467682173734046e-05
0x53657667,1.6467682173734046e-05
0x8666cb74,1.6467682173734046e-05
0xd3ee335c,1.6467682173734046e-05
0x706c7320,1.6467682173734046e-05
0x9f4f58ce,1.6467682173734046e-05
0xad858925,1.6467682173734046e-05
0x43697068,1.6467682173734046e-05
0x51e52633,1.6467682173734046e-05
0xc9469b66,1.6467682173734046e-05
0xb88d4fde,1.6467682173734046e-05
0x06fdde03,1.6467682173734046e-05
0x6dba91ca,1.6467682173734046e-05
0x01001000,1.6467682173734046e-05
0x2a35c4f4,1.6467682173734046e-05
0x372500ab,1.6467682173734046e-05
0x076ab878,1.6467682173734046e-05
0xb88b985c,1.6467682173734046e-05
0xdb2e21bc,1.6467682173734046e-05
0x001cf6a9,1.6467682173734046e-05
0x704b6c02,1.6467682173734046e-05
0x2c6a26ec,1.6467682173734046e-05
0x50726576,1.6467682173734046e-05
0x1626ba7e,1.6467682173734046e-05
0x97ab8bbf,1.6467682173734046e-05
0x607cf238,1.6467682173734046e-05
0x88ffe867,1.6467682173734046e-05
0x15cdcfd2,1.6467682173734046e-05
0x60829f8a,1.6467682173734046e-05
0x434f4e53,1.6467682173734046e-05
0x4030c6ad,1.6467682173734046e-05
0x8ccf5d11,1.6467682173734046e-05
0x76122903,1.6467682173734046e-05
0xc08ddc2c,1.6467682173734046e-05
0x128acb08,1.6467682173734046e-05
0x3e5fe775,1.6467682173734046e-05
0xbcace858,1.6467682173734046e-05
0xfd0aaf17,1.6467682173734046e-05
0x3cf1e7a5,1.6467682173734046e-05
0xf934aa68,1.6467682173734046e-05
0x7cdb54d8,1.6467682173734046e-05
0xac7cc948,1.6467682173734046e-05
0x556e6265,1.6467682173734046e-05
0x0836d364,1.6467682173734046e-05
0x4093bc0d,1.6467682173734046e-05
0x8c046d1f,1.6467682173734046e-05
0x86e0cb01,1.6467682173734046e-05
0x5e5d65a1,1.6467682173734046e-05
0xc70d1aab,1.6467682173734046e-05
0x534fd12c,1.6467682173734046e-05
0xbcfb9b61,1.6467682173734046e-05
0xf796eccf,1.6467682173734046e-05
0x4d616e79,1.6467682173734046e-05
0x719b0eb5,1.6467682173734046e-05
0x434f4e47,1.6467682173734046e-05
0xe7547ae2,1.6467682173734046e-05
0x454e3854,1.6467682173734046e-05
0xf054beb0,1.6467682173734046e-05
0xdb378ed5,1.6467682173734046e-05
0xd9a89fcc,1.6467682173734046e-05
0x2e7ba6ef,1.6467682173734046e-05
0xa3cf0310,1.6467682173734046e-05
0x1301a4da,1.6467682173734046e-05
0x5f13d171,1.6467682173734046e-05
0x546f6461,1.6467682173734046e-05
0x9ec40df6,1.6467682173734046e-05
0x454e4d30,1.6467682173734046e-05
0x9b29d5eb,1.6467682173734046e-05
0x57652068,1.6467682173734046e-05
0x25f9eb78,1.6467682173734046e-05
0x454e5245,1.6467682173734046e-05
0x552079dc,1.6467682173734046e-05
0x3f97d6ed,1.6467682173734046e-05
0x6d657373,1.6467682173734046e-05
0x454e5a42,1.6467682173734046e-05
0x9dcd7dd0,1.6467682173734046e-05
0x9a5d072c,1.6467682173734046e-05
0xd784d426,1.6467682173734046e-05
0x4b482041,1.6467682173734046e-05
0x7d49ec1a,1.6467682173734046e-05
0xc74c9b13,1.6467682173734046e-05
0x53686f72,1.6467682173734046e-05
0xc451ffc8,1.6467682173734046e-05
0xedcb614d,1.6467682173734046e-05
0xbed28707,1.6467682173734046e-05
0x30783638,1.6467682173734046e-05
0x454e3645,1.6467682173734046e-05
0x67129f8b,1.6467682173734046e-05
0x454e514d,1.6467682173734046e-05
0xa0eea61b,1.6467682173734046e-05
0x4e487b71,1.6467682173734046e-05
0x3a3d4494,1.6467682173734046e-05
0x4b2686d4,1.6467682173734046e-05
0xa21c7f36,1.6467682173734046e-05
0x224c6394,1.6467682173734046e-05
0x65fee4ed,1.6467682173734046e-05
0x94087d2b,1.6467682173734046e-05
0x6ff7ee19,1.6467682173734046e-05
0x1dd89dcb,1.6467682173734046e-05
0xcbf0b0c0,1.6467682173734046e-05
0x64616f35,1.6467682173734046e-05
0x454e4b55,1.6467682173734046e-05
0x07523b1d,1.6467682173734046e-05
0x61251af2,1.6467682173734046e-05
0xbe986a83,1.6467682173734046e-05
0x918a15cf,1.6467682173734046e-05
0x0331aba7,1.6467682173734046e-05
0x2f8c37a8,1.6467682173734046e-05
0xe5bee034,1.6467682173734046e-05
0xbc39346e,1.6467682173734046e-05
0x4155544f,1.6467682173734046e-05
0xcc7dc515,1.6467682173734046e-05
0x8ef18a34,1.6467682173734046e-05
0xf51ac936,1.6467682173734046e-05
0xfc85491c,1.6467682173734046e-05
0x1cff79cd,1.6467682173734046e-05
0x57686174,1.6467682173734046e-05
0x19045a25,1.6467682173734046e-05
0x454e4151,1.6467682173734046e-05
0xa5240d9a,1.6467682173734046e-05
0x0db4bd4a,1.6467682173734046e-05
0xbebbbf1a,1.6467682173734046e-05
0x43617265,1.6467682173734046e-05
0x8fd3ab80,1.6467682173734046e-05
0x24414749,1.6467682173734046e-05
0xb3a37dab,1.6467682173734046e-05
0xc7e3c293,1.6467682173734046e-05
0x84d9746c,1.6467682173734046e-05
0x75465a78,1.6467682173734046e-05
0x9908e305,1.6467682173734046e-05
0x94d3c694,1.6467682173734046e-05
0x4869204d,1.6467682173734046e-05
0x248dd407,1.6467682173734046e-05
0x46657720,1.6467682173734046e-05
0x7f16de3b,1.6467682173734046e-05
0x62696c6c,1.6467682173734046e-05
0xe0db556b,1.6467682173734046e-05
0x30787669,1.6467682173734046e-05
0x54064585,1.6467682173734046e-05
0xb427e155,1.6467682173734046e-05
0xaabbccdd,1.6467682173734046e-05
0x397f6c91,1.6467682173734046e-05
0xa800f314,1.6467682173734046e-05
0x6d5dc382,1.6467682173734046e-05
0x68696969,1.6467682173734046e-05
0x454e544e,1.6467682173734046e-05
0x454e4d35,1.6467682173734046e-05
0x76f6a0df,1.6467682173734046e-05
0x144a3b4f,1.6467682173734046e-05
0x454e4234,1.6467682173734046e-05
0x3e025ceb,1.6467682173734046e-05
0x36525c4e,1.6467682173734046e-05
0xaeb38be3,1.6467682173734046e-05
0xf7fcd384,1.6467682173734046e-05
0x09a5cd43,1.6467682173734046e-05
0xf1efe24c,1.6467682173734046e-05
0xe21fd0e9,1.6467682173734046e-05
0x57652772,1.6467682173734046e-05
0x1b06fd9f,1.6467682173734046e-05
0xe99cd4d9,1.6467682173734046e-05
0x3346d3a3,1.6467682173734046e-05
0xd20e0841,1.6467682173734046e-05
0xc7e68ffb,1.6467682173734046e-05
0x43757272,1.6467682173734046e-05
0x40c10f19,1.6467682173734046e-05
0x9bd0307b,1.6467682173734046e-05
0x18ee6dae,1.6467682173734046e-05
0x339748cb,1.6467682173734046e-05
0x454e4354,1.6467682173734046e-05
0x9e1047fa,1.6467682173734046e-05
0xecc682f4,1.6467682173734046e-05
0x48617070,1.6467682173734046e-05
0x24534849,1.6467682173734046e-05
0x51cff8d9,1.6467682173734046e-05
0x2079b5a9,1.6467682173734046e-05
0x5161b966,1.6467682173734046e-05
0xa8adff76,1.6467682173734046e-05
0x674539cf,1.6467682173734046e-05
0x454e3635,1.6467682173734046e-05
0x456c6f6e,1.6467682173734046e-05
0x23526963,1.6467682173734046e-05
0xea0a5237,1.6467682173734046e-05
0xabcdef00,1.6467682173734046e-05
0xeb5e7430,1.6467682173734046e-05
0x1d972d41,1.6467682173734046e-05
0xc9fbaa75,1.6467682173734046e-05
0xae717424,1.6467682173734046e-05
0x632a2055,1.6467682173734046e-05
0x195199f6,1.6467682173734046e-05
0xc92252a2,1.6467682173734046e-05
0x43727970,1.6467682173734046e-05
0x8c92fb8b,1.6467682173734046e-05
0x583301b0,1.6467682173734046e-05
0x8759c234,1.6467682173734046e-05
0x5451bcfc,1.6467682173734046e-05
0xf7c7bf3c,1.6467682173734046e-05
0x32392e39,1.6467682173734046e-05
0xf60edee3,1.6467682173734046e-05
0xd58f28e1,1.6467682173734046e-05
0x23da2f73,1.6467682173734046e-05
0x79c76e1a,1.6467682173734046e-05
0xc914e8ce,1.6467682173734046e-05
0x454e4341,1.6467682173734046e-05
0x7adbf973,1.6467682173734046e-05
0xa55205f8,1.6467682173734046e-05
0xe0a8f6f5,1.6467682173734046e-05
0xb1c25586,1.6467682173734046e-05
0xf6a1bfec,1.6467682173734046e-05
0x24d7806c,1.6467682173734046e-05
0x1b0ffe1f,1.6467682173734046e-05
0x7689da28,1.6467682173734046e-05
0xf698da25,1.6467682173734046e-05
0x4d792066,1.6467682173734046e-05
0xac5236f1,1.6467682173734046e-05
0x0f155001,1.6467682173734046e-05
0x56e7b7aa,1.6467682173734046e-05
0x269f1bfb,1.6467682173734046e-05
0x4920616d,1.6467682173734046e-05
0x174b1f26,1.6467682173734046e-05
0x09acaa96,1.6467682173734046e-05
0x6939e1db,1.6467682173734046e-05
0x04865792,1.6467682173734046e-05
0x21283382,1.6467682173734046e-05
0x00490027,1.6467682173734046e-05
0x454e4255,1.6467682173734046e-05
0xa8b082f3,1.6467682173734046e-05
0x3078444d,1.6467682173734046e-05
0x69610554,1.6467682173734046e-05
0xb86d1d63,1.6467682173734046e-05
0x454e4a50,1.6467682173734046e-05
0xd6a38026,1.6467682173734046e-05
0x68dd09be,1.6467682173734046e-05
0x64f0cac3,1.6467682173734046e-05
0xe8925e84,1.6467682173734046e-05
0xfde49a45,1.6467682173734046e-05
0x5072696d,1.6467682173734046e-05
0x454e4357,1.6467682173734046e-05
0x642b2737,1.6467682173734046e-05
0x6a8d546f,1.6467682173734046e-05
0x49206665,1.6467682173734046e-05
0x86ad938c,1.6467682173734046e-05
0x70657065,1.6467682173734046e-05
0x1c3db2e0,1.6467682173734046e-05
0x454e4a32,1.6467682173734046e-05
0x8406718c,1.6467682173734046e-05
0x553df9f2,1.6467682173734046e-05
0x07d3fd86,1.6467682173734046e-05
0x1337,1.6467682173734046e-05
0xa90faade,1.6467682173734046e-05
0xe29aa120,1.6467682173734046e-05
0xd004f0f7,1.6467682173734046e-05
0x456e6f75,1.6467682173734046e-05
0xc231eef3,1.6467682173734046e-05
0xf8f9416c,1.6467682173734046e-05
0x46494e41,1.6467682173734046e-05
0x6f9896bf,1.6467682173734046e-05
0x4a2686a2,1.6467682173734046e-05
0x186a5f01,1.6467682173734046e-05
0xe476076b,1.6467682173734046e-05
0x48692042,1.6467682173734046e-05
0x644b617a,1.6467682173734046e-05
0x2b497859,1.6467682173734046e-05
0xd54e32ec,1.6467682173734046e-05
0x6b994d4b,1.6467682173734046e-05
0x4a69aaa6,1.6467682173734046e-05
0x58bda475,1.6467682173734046e-05
0x90895712,1.6467682173734046e-05
0x0900f010,1.6467682173734046e-05
0x3c5beeb4,1.6467682173734046e-05
0x3f5a0bdd,1.6467682173734046e-05
0x64617920,1.6467682173734046e-05
0x00,1.6467682173734046e-05
0x454e4136,1.6467682173734046e-05
0x652dfda7,1.6467682173734046e-05
0x454e3044,1.6467682173734046e-05
