feature,attention_neuron_1,attention_neuron_2,attention_neuron_3,attention_neuron_4,attention_neuron_5,attention_neuron_6,attention_neuron_7,attention_neuron_8,attention_neuron_9,attention_neuron_10,attention_neuron_11,attention_neuron_12,attention_neuron_13,attention_neuron_14,attention_neuron_15,attention_neuron_16
value_eth,0.24587610277601366,0.005026774024832649,0.014546819608928875,0.3005221728488997,0.21437935582223838,0.21029258542786083,0.018979813697598467,0.20823192701919094,0.015981416470883063,0.0007413046591192352,0.8902168135610562,0.032429060002174354,0.6613613549924406,0.6710735638812055,0.024721075345361745,0.7850944816010889
is_zero_value,0.06891736526125121,0.12766305535257136,0.171690228775294,0.37942725192352655,0.08902867819544612,0.031112374569833418,0.12545612621024368,0.3766449873004492,0.05118256898913698,0.04174784004572052,0.14703782336397664,0.027032637129312687,0.2525062360602543,0.33842702180692164,0.33908603234910334,0.10267903447908354
gas_price_gwei,0.6457857499745192,0.0010839117839574,0.6293054431217283,0.2574641712275272,0.36571104070346194,0.7350779375915327,0.5767927240038679,0.05378589985061076,0.0073553418543695764,0.4624758439611951,0.13156284500896404,0.04423168359524097,0.027435575917492485,0.02057079744628299,0.20578167089270394,0.030979391456047604
gas_used,0.2035026127246469,0.15504481757006083,0.263262772085776,0.2442698280224894,0.6219573344136436,0.030497742486552643,0.06207550312278423,0.21846314594941796,0.11070731867795722,0.1780937289158061,0.006280336690695994,0.6113390471267464,0.11699466379400109,0.13845166123094,0.2003423350016956,0.24403078338270523
gas_limit,0.23075321579641775,0.004830196512061566,0.17369107494597893,0.19880220803474208,0.58007722471911,0.27003228481379815,0.1969419901615589,0.17868426090938042,0.2962391223878064,0.006351016490762814,0.035345156563256146,0.8032010603532562,0.11182318167760513,0.1316134219619207,0.2754608509794629,0.059112064088515895
gas_efficiency,0.016321313769707524,0.08179647571978454,0.007422608179144333,0.1514024621776994,0.13704264185605208,0.29083686933436065,0.3169107380597588,0.18682982088439032,0.04408069319751636,0.09735387770787049,0.06610729609323758,0.17453560122449982,0.13937751232195214,0.17415907047707435,0.3337983488132756,0.10683855795089849
hour_sin,0.026730248272837796,0.005565492106416101,0.009032562883022987,0.05949785900883608,0.015325530270548808,0.02010579534000064,0.1022624101153684,0.09433687921406513,0.013425929407375017,0.0752275746776092,0.057206021339826524,0.04513706130181465,0.0865322962390216,0.10915290021643535,0.37453856235445365,0.07354421331727179
hour_cos,0.013778008619391213,0.066348669748937,0.06640332449715816,0.2156342910330192,0.15756656343670392,0.0304555763140039,0.060155562961910596,0.07767017559406474,0.012248170882006396,0.04472716727765181,0.07160781865395713,0.06110749527703659,0.13448099906000383,0.20228561577637258,0.2379309836080674,0.07740354639650812
is_weekend,0.031149603798041516,0.07924752971683785,0.06181710619953627,0.3063057538325476,0.06896870294362063,0.004859570460889691,0.036262865590543224,0.08232206809772565,0.05797381388697022,0.08105486734642274,0.14280295235842594,0.08363098016176206,0.1287353115405596,0.3746389135871264,0.18127911739484945,0.09553067216194626
is_contract_call,0.008017311022621073,0.25310981488842,0.20481886203121044,0.48636931688426976,0.1333487957642752,0.005400398966829229,0.19728325912800415,0.4870359130446637,0.06185883443687416,0.27672518954212405,0.055849779686354496,0.23601193504083207,0.1784961548645681,0.30078320613798265,0.23778259685751119,0.00028144954962119125
input_len_bytes,0.1889353287655217,0.11970099063263986,0.2394031970351659,0.19186638687087132,0.46875095701126007,0.019713484904410994,0.09762393120272649,0.17507940910323397,0.08406005575658532,0.1633899723876536,0.03196218902679314,0.49423705171205323,0.06673246848516308,0.09618824118630218,0.12086212347726738,0.26974302392084254
is_error,0.3091626389807206,0.6795340833446181,0.04338320659991985,0.04467397934572573,0.034426867500266536,0.016740027383537175,0.07358997528929678,0.03920583092742046,0.7686828882232039,0.4949475483412112,0.00648775598350567,0.05927277862083025,0.13003926327459878,0.07436852897450665,0.02734873274053939,0.007267005452268139
nonce,0.055725737538930314,0.11933165742450139,0.13707941258889653,0.06484706114902633,0.0799207197682294,0.42307820673733937,0.5320687199819095,0.03194482114964104,0.03543558167742225,0.3581621892955288,0.05173366628247393,0.04543460319733765,0.03909053672739806,0.08158739924445582,0.4454245449619464,0.07385869131892331
is_first_tx,0.029135901566106657,0.3218734478314199,0.08909829562592135,0.04066137738192337,0.04337691983415213,0.07912584716230628,0.13894052443499438,0.012519338563012815,0.3249233031608637,0.0488882959558617,0.1659105919884996,0.08281373250247143,0.4265575337175379,0.160139328955924,0.16419009923800085,0.15481037248137733
is_self_tx,0.4920734808021635,0.008742432270595615,0.6197431227535123,0.24204039442909944,0.0053540186822180775,0.006628021343319455,0.010262702440946231,0.023590759615935798,0.007737718578213952,0.42527235430486443,0.2968687712398629,0.0022753108723478368,0.002157598298792345,0.005720062069841516,0.0044386397948145105,0.3994624965602701
sender_tx_count,0.09756388525812673,0.12582892008352972,0.06040353486687075,0.16640832577294168,0.05675771734229511,0.3112985975457227,0.4524637041025797,0.06133287336756408,0.16327446627956763,0.17778854622859713,0.06201460856320434,0.10227699281311448,0.11243420831174718,0.0675440594856154,0.2980948941412097,0.13265928622304682
sender_avg_value_eth,0.1256577177964492,0.49376020541693394,0.020791520670241714,0.17771333444703355,0.01076685791061959,0.019342083841893905,0.047187618655918494,0.6282949163260122,0.04656769798792222,0.36125820169531736,0.23329182004253746,0.04510142016298048,0.6003604050494495,0.09731855814173618,0.05137554136877448,0.3148310797035731
sender_error_rate,0.3909926997612429,0.3541419173160812,0.0030093644242765254,0.06363404676893654,0.017580342467709766,0.013909457211188454,0.04635340979771378,0.05525981607298893,0.347935773071731,0.24402568414298534,0.007330969706254807,0.3992675654884077,0.03475998107037918,0.04052037131328152,0.0688143617651682,0.0141310172348745
sender_avg_gas_eff,0.009559786129953578,0.16027770926899373,0.0007516108335923502,0.1925799362520369,0.16140939908159482,0.31720199653103165,0.33007421481763,0.2837382370926261,0.009619361135515292,0.08295923466472697,0.09309393227645722,0.14231952056900476,0.2529051810949755,0.21375250964358192,0.37854003678031456,0.14355391917410681
sender_unique_to,0.09486407110729485,0.041649562282890525,0.146374302560556,0.6408148707437561,0.06226694320213286,0.17747464400950375,0.5150666867486072,0.5423872573889168,0.15549181291467426,0.27218249629342606,0.011702267294659426,0.1620136229521389,0.06720391495413272,0.43370499822267006,0.050359331873392185,0.08959427500807224
method_id_frequency,0.07217373957313618,0.190404905927918,0.22172432303345177,0.280705224521233,0.1740744762168547,0.08238123483463153,0.22408099654080452,0.3106723877248981,0.03295631904985081,0.2894325050711567,0.0019371611313381174,0.3281164738864395,0.10862063918748542,0.12020858694456406,0.017717247934214288,0.06070899162426006
